mp_mapname_index,modelname,localizedstring

mp_backlot_1,bog_b_cinderblock_clutter,PROPS_BOG_B_CINDERBLOCK_CLUTTER
mp_backlot_2,ch_bedframemetal_gray,PROPS_CH_BEDFRAMEMETAL_GRAY
mp_backlot_3,ch_dinerboothchair,PROPS_CH_DINERBOOTHCHAIR
mp_backlot_4,ch_dinerboothtable,PROPS_CH_DINERBOOTHTABLE
mp_backlot_5,ch_dinercounterchair,PROPS_CH_DINERCOUNTERCHAIR
mp_backlot_6,ch_furniture_couch01,PROPS_CH_FURNITURE_COUCH01
mp_backlot_7,ch_furniture_couch02,PROPS_CH_FURNITURE_COUCH02
mp_backlot_8,ch_mattress_2,PROPS_CH_MATTRESS_2
mp_backlot_9,ch_russian_table,PROPS_CH_RUSSIAN_TABLE
mp_backlot_10,ch_sign_noentry,PROPS_CH_SIGN_NOENTRY
mp_backlot_11,ch_washer_01,PROPS_CH_WASHER_01
mp_backlot_12,com_barrel_blue_rust,PROPS_COM_BARREL_BLUE_RUST
mp_backlot_13,com_barrel_corrosive_rust,PROPS_COM_BARREL_CORROSIVE_RUST
mp_backlot_14,com_bike,PROPS_COM_BIKE
mp_backlot_15,com_cafe_chair,PROPS_COM_CAFE_CHAIR
mp_backlot_16,com_cafe_chair2,PROPS_COM_CAFE_CHAIR2
mp_backlot_17,com_cafe_table2,PROPS_COM_CAFE_TABLE2
mp_backlot_18,com_cardboardbox01,PROPS_COM_CARDBOARDBOX01
mp_backlot_19,com_cardboardbox04,PROPS_COM_CARDBOARDBOX04
mp_backlot_20,com_cardboardboxshortclosed_1,PROPS_COM_CARDBOARDBOXSHORTCLOSED_1
mp_backlot_21,com_dresser_d,PROPS_COM_DRESSER_D
mp_backlot_22,com_fire_extinguisher,PROPS_COM_FIRE_EXTINGUISHER
mp_backlot_23,com_floodlight,PROPS_COM_FLOODLIGHT
mp_backlot_24,com_folding_chair,PROPS_COM_FOLDING_CHAIR
mp_backlot_25,com_paintcan,PROPS_COM_PAINTCAN
mp_backlot_26,com_pallet,PROPS_COM_PALLET
mp_backlot_27,com_pallet_2,PROPS_COM_PALLET_2
mp_backlot_28,com_pallet_stack,PROPS_COM_PALLET_STACK
mp_backlot_29,com_plastic_bucket,PROPS_COM_PLASTIC_BUCKET
mp_backlot_30,com_plasticcase_beige_big,PROPS_COM_PLASTICCASE_BEIGE_BIG
mp_backlot_31,com_red_toolbox,PROPS_COM_RED_TOOLBOX
mp_backlot_32,com_restaurantstainlessteelshelf_02,PROPS_COM_RESTAURANTSTAINLESSTEELSHELF_02
mp_backlot_33,com_trashbag2_green,PROPS_COM_TRASHBAG2_GREEN
mp_backlot_34,com_trashcan_metal,PROPS_COM_TRASHCAN_METAL
mp_backlot_35,com_water_heater,PROPS_COM_WATER_HEATER
mp_backlot_36,com_wheelbarrow,PROPS_COM_WHEELBARROW
mp_backlot_37,me_antenna,PROPS_ME_ANTENNA
mp_backlot_38,me_concrete_barrier,PROPS_ME_CONCRETE_BARRIER
mp_backlot_39,me_gas_pump,PROPS_ME_GAS_PUMP
mp_backlot_40,me_market_umbrella_3,PROPS_ME_MARKET_UMBRELLA_3
mp_backlot_41,me_plastic_crate1,PROPS_ME_PLASTIC_CRATE1
mp_backlot_42,me_plastic_crate4,PROPS_ME_PLASTIC_CRATE4
mp_backlot_43,me_refrigerator2,PROPS_ME_REFRIGERATOR2
mp_backlot_44,me_sign_deadend,PROPS_ME_SIGN_DEADEND
mp_backlot_45,me_sign_noentry,PROPS_ME_SIGN_NOENTRY
mp_backlot_x,ch_mattress_boxspring,PROPS_CH_MATTRESS_BOXSPRING
mp_backlot_x,com_cardboardbox05,PROPS_COM_CARDBOARDBOX05
mp_backlot_x,com_cardboardbox06,PROPS_COM_CARDBOARDBOX06
mp_backlot_x,com_cardboardboxshortclosed_2,PROPS_COM_CARDBOARDBOXSHORTCLOSED_2
mp_backlot_x,me_antenna2,PROPS_ME_ANTENNA2
mp_backlot_x,me_antenna3,PROPS_ME_ANTENNA3
mp_backlot_x,me_dumpster_close,PROPS_ME_DUMPSTER_CLOSE
mp_backlot_x,me_iron_gate,PROPS_ME_IRON_GATE
mp_backlot_x,me_market_umbrella_6,PROPS_ME_MARKET_UMBRELLA_6
mp_backlot_x,me_plastic_crate9,PROPS_ME_PLASTIC_CRATE9
mp_backlot_x,me_satellitedish,PROPS_ME_SATELLITEDISH


mp_bloc_1,bog_b_cinderblock_clutter,PROPS_BOG_B_CINDERBLOCK_CLUTTER
mp_bloc_2,ch_baby_carriage,PROPS_CH_BABY_CARRIAGE
mp_bloc_3,ch_bedframemetal_dark,PROPS_CH_BEDFRAMEMETAL_DARK
mp_bloc_4,ch_bedframemetal_gray,PROPS_CH_BEDFRAMEMETAL_GRAY
mp_bloc_5,ch_crate24x24,PROPS_CH_CRATE24X24
mp_bloc_6,ch_crate32x48,PROPS_CH_CRATE32X48
mp_bloc_7,ch_crate48x64,PROPS_CH_CRATE48X64
mp_bloc_8,ch_crate64x64,PROPS_CH_CRATE64X64
mp_bloc_9,ch_furniture_couch01,PROPS_CH_FURNITURE_COUCH01
mp_bloc_10,ch_mattress_2,PROPS_CH_MATTRESS_2
mp_bloc_11,ch_mattress_3,PROPS_CH_MATTRESS_3
mp_bloc_12,ch_mattress_boxspring,PROPS_CH_MATTRESS_BOXSPRING
mp_bloc_13,ch_radiator01,PROPS_CH_RADIATOR01
mp_bloc_14,ch_railing_long,PROPS_CH_RAILING_LONG
mp_bloc_15,ch_railing_short,PROPS_CH_RAILING_SHORT
mp_bloc_16,ch_russian_table,PROPS_CH_RUSSIAN_TABLE
mp_bloc_17,ch_sign_nopedestrians,PROPS_CH_SIGN_NOPEDESTRIANS
mp_bloc_18,ch_street_light_01_off,PROPS_CH_STREET_LIGHT_01_OFF
mp_bloc_19,com_armoire_d,PROPS_COM_ARMOIRE_D
mp_bloc_20,com_barrel_fire,PROPS_COM_BARREL_FIRE
mp_bloc_21,com_barrier_tall1,PROPS_COM_BARRIER_TALL1
mp_bloc_22,com_bench,PROPS_COM_BENCH
mp_bloc_23,com_bookshelves1_d,PROPS_COM_BOOKSHELVES1_D
mp_bloc_24,com_cafe_chair,PROPS_COM_CAFE_CHAIR
mp_bloc_25,com_cafe_chair2,PROPS_COM_CAFE_CHAIR2
mp_bloc_26,com_dresser_d,PROPS_COM_DRESSER_D
mp_bloc_27,com_folding_table,PROPS_COM_FOLDING_TABLE
mp_bloc_28,com_furniture_sidetable1,PROPS_COM_FURNITURE_SIDETABLE1
mp_bloc_29,com_lamp_ornate_off,PROPS_COM_LAMP_ORNATE_OFF
mp_bloc_30,com_metalbench,PROPS_COM_METALBENCH
mp_bloc_31,com_office_book_shelf,PROPS_COM_OFFICE_BOOK_SHELF
mp_bloc_32,com_paintcan,PROPS_COM_PAINTCAN
mp_bloc_33,com_plainchair,PROPS_COM_PLAINCHAIR
mp_bloc_34,com_plasticcase_beige_big,PROPS_COM_PLASTICCASE_BEIGE_BIG
mp_bloc_35,com_restaurantchair_2,PROPS_COM_RESTAURANTCHAIR_2
mp_bloc_36,com_stove,PROPS_COM_STOVE
mp_bloc_37,me_concrete_barrier,PROPS_ME_CONCRETE_BARRIER
mp_bloc_38,me_plastic_crate1,PROPS_ME_PLASTIC_CRATE1
mp_bloc_39,me_plastic_crate2,PROPS_ME_PLASTIC_CRATE2
mp_bloc_40,me_refrigerator,PROPS_ME_REFRIGERATOR
mp_bloc_41,me_refrigerator_d,PROPS_ME_REFRIGERATOR_D
mp_bloc_42,mil_sandbag_desert_end_left,PROPS_MIL_SANDBAG_DESERT_END_LEFT
mp_bloc_43,mil_sandbag_desert_end_right,PROPS_MIL_SANDBAG_DESERT_END_RIGHT
mp_bloc_44,mil_sandbag_desert_single_flat,PROPS_MIL_SANDBAG_DESERT_SINGLE_FLAT


mp_bog_1,bog_b_cinderblock_clutter,PROPS_BOG_B_CINDERBLOCK_CLUTTER
mp_bog_2,ch_crate48x64,PROPS_CH_CRATE48X64
mp_bog_3,ch_dinerboothchair,PROPS_CH_DINERBOOTHCHAIR
mp_bog_4,ch_dinerboothtable,PROPS_CH_DINERBOOTHTABLE
mp_bog_5,ch_dinercounterchair,PROPS_CH_DINERCOUNTERCHAIR
mp_bog_6,ch_washer_01,PROPS_CH_WASHER_01
mp_bog_7,com_barrel_black,PROPS_COM_BARREL_BLACK
mp_bog_8,com_barrel_black_dirt,PROPS_COM_BARREL_BLACK_DIRT
mp_bog_9,com_barrel_black_rust,PROPS_COM_BARREL_BLACK_RUST
mp_bog_10,com_barrel_blue_rust,PROPS_COM_BARREL_BLUE_RUST
mp_bog_11,com_barrel_fire,PROPS_COM_BARREL_FIRE
mp_bog_12,com_barrel_white_rust,PROPS_COM_BARREL_WHITE_RUST
mp_bog_13,com_cafe_chair,PROPS_COM_CAFE_CHAIR
mp_bog_14,com_cafe_table1,PROPS_COM_CAFE_TABLE1
mp_bog_15,com_cardboardbox01,PROPS_COM_CARDBOARDBOX01
mp_bog_16,com_cardboardbox04,PROPS_COM_CARDBOARDBOX04
mp_bog_17,com_cardboardboxshortclosed_1,PROPS_COM_CARDBOARDBOXSHORTCLOSED_1
mp_bog_18,com_cardboardboxshortopen_1,PROPS_COM_CARDBOARDBOXSHORTOPEN_1
mp_bog_19,com_cardboardboxshortopen_3,PROPS_COM_CARDBOARDBOXSHORTOPEN_3
mp_bog_20,com_cash_register,PROPS_COM_CASH_REGISTER
mp_bog_21,com_paintcan,PROPS_COM_PAINTCAN
mp_bog_22,com_plasticcase_beige_big,PROPS_COM_PLASTICCASE_BEIGE_BIG
mp_bog_23,com_red_toolbox,PROPS_COM_RED_TOOLBOX
mp_bog_24,com_restaurantsink_1comp,PROPS_COM_RESTAURANTSINK_1COMP
mp_bog_25,com_restaurantstove,PROPS_COM_RESTAURANTSTOVE
mp_bog_26,com_trashcan_metal,PROPS_COM_TRASHCAN_METAL
mp_bog_27,com_trashcan_metal_with_trash,PROPS_COM_TRASHCAN_METAL_WITH_TRASH
mp_bog_28,com_wagon_donkey,PROPS_COM_WAGON_DONKEY
mp_bog_29,com_water_heater,PROPS_COM_WATER_HEATER
mp_bog_30,me_antenna,PROPS_ME_ANTENNA
mp_bog_31,me_antenna3,PROPS_ME_ANTENNA3
mp_bog_32,me_banana_box1,PROPS_ME_BANANA_BOX1
mp_bog_33,me_citrus_box1,PROPS_ME_CITRUS_BOX1
mp_bog_34,me_concrete_barrier,PROPS_ME_CONCRETE_BARRIER
mp_bog_35,me_dumpster,PROPS_ME_DUMPSTER
mp_bog_36,me_dumpster_close,PROPS_ME_DUMPSTER_CLOSE
mp_bog_37,me_market_stand1,PROPS_ME_MARKET_STAND1
mp_bog_38,me_market_stand4,PROPS_ME_MARKET_STAND4
mp_bog_39,me_plastic_crate1,PROPS_ME_PLASTIC_CRATE1
mp_bog_40,me_plastic_crate10,PROPS_ME_PLASTIC_CRATE10
mp_bog_41,me_refrigerator,PROPS_ME_REFRIGERATOR
mp_bog_42,me_satellitedish,PROPS_ME_SATELLITEDISH
mp_bog_43,me_tomato_crate1,PROPS_ME_TOMATO_CRATE1
mp_bog_44,me_wood_cage_small,PROPS_ME_WOOD_CAGE_SMALL
mp_bog_45,me_woodcrateclosed,PROPS_ME_WOODCRATECLOSED
mp_bog_x,com_barrel_green,PROPS_COM_BARREL_GREEN
mp_bog_x,com_cardboardboxshortclosed_2,PROPS_COM_CARDBOARDBOXSHORTCLOSED_2
mp_bog_x,me_antenna2,PROPS_ME_ANTENNA2
mp_bog_x,me_banana_box2,PROPS_ME_BANANA_BOX2
mp_bog_x,me_citrus_box2,PROPS_ME_CITRUS_BOX2
mp_bog_x,me_plastic_crate2,PROPS_ME_PLASTIC_CRATE2
mp_bog_x,me_plastic_crate4,PROPS_ME_PLASTIC_CRATE4
mp_bog_x,me_plastic_crate6,PROPS_ME_PLASTIC_CRATE6
mp_bog_x,me_plastic_crate7,PROPS_ME_PLASTIC_CRATE7
mp_bog_x,me_plastic_crate8,PROPS_ME_PLASTIC_CRATE8
mp_bog_x,me_plastic_crate9,PROPS_ME_PLASTIC_CRATE9
mp_bog_x,me_refrigerator2,PROPS_ME_REFRIGERATOR2
mp_bog_x,me_wood_cage_large,PROPS_ME_WOOD_CAGE_LARGE
mp_bog_x,me_woodcrateopen,PROPS_ME_WOODCRATEOPEN


mp_broadcast_1,bathroom_toilet,PROPS_BATHROOM_TOILET
mp_broadcast_2,bog_b_cinderblock_clutter,PROPS_BOG_B_CINDERBLOCK_CLUTTER
mp_broadcast_3,ch_furniture_couch01,PROPS_CH_FURNITURE_COUCH01
mp_broadcast_4,com_airduct_01,PROPS_COM_AIRDUCT_01
mp_broadcast_5,com_barrel_white,PROPS_COM_BARREL_WHITE
mp_broadcast_6,com_barrel_white_rust,PROPS_COM_BARREL_WHITE_RUST
mp_broadcast_7,com_cafe_chair,PROPS_COM_CAFE_CHAIR
mp_broadcast_8,com_cafe_chair2,PROPS_COM_CAFE_CHAIR2
mp_broadcast_9,com_cafe_table2,PROPS_COM_CAFE_TABLE2
mp_broadcast_10,com_cardboardbox01,PROPS_COM_CARDBOARDBOX01
mp_broadcast_11,com_cardboardbox02,PROPS_COM_CARDBOARDBOX02
mp_broadcast_12,com_cardboardbox06,PROPS_COM_CARDBOARDBOX06
mp_broadcast_13,com_cardboardboxshortopen_3,PROPS_COM_CARDBOARDBOXSHORTOPEN_3
mp_broadcast_14,com_computer_case,PROPS_COM_COMPUTER_CASE
mp_broadcast_15,com_computer_monitor,PROPS_COM_COMPUTER_MONITOR
mp_broadcast_16,com_copypaper_box,PROPS_COM_COPYPAPER_BOX
mp_broadcast_17,com_filecabinetblackclosed,PROPS_COM_FILECABINETBLACKCLOSED
mp_broadcast_18,com_filecabinetblackopen,PROPS_COM_FILECABINETBLACKOPEN
mp_broadcast_19,com_flower_pot01,PROPS_COM_FLOWER_POT01
mp_broadcast_20,com_folding_chair,PROPS_COM_FOLDING_CHAIR
mp_broadcast_21,com_northafrica_armoire_short,PROPS_COM_NORTHAFRICA_ARMOIRE_SHORT
mp_broadcast_22,com_office_book_shelf,PROPS_COM_OFFICE_BOOK_SHELF
mp_broadcast_23,com_office_chair_black,PROPS_COM_OFFICE_CHAIR_BLACK
mp_broadcast_24,com_paintcan,PROPS_COM_PAINTCAN
mp_broadcast_25,com_pallet_stack,PROPS_COM_PALLET_STACK
mp_broadcast_26,com_photocopier,PROPS_COM_PHOTOCOPIER
mp_broadcast_27,com_plasticcase_beige_big,PROPS_COM_PLASTICCASE_BEIGE_BIG
mp_broadcast_28,com_propane_tank,PROPS_COM_PROPANE_TANK
mp_broadcast_29,com_red_toolbox,PROPS_COM_RED_TOOLBOX
mp_broadcast_30,com_restaurantstainlessteelshelf_02,PROPS_COM_RESTAURANTSTAINLESSTEELSHELF_02
mp_broadcast_31,com_satellite_dish_big,PROPS_COM_SATELLITE_DISH_BIG
mp_broadcast_32,com_smallcoffeetable,PROPS_COM_SMALLCOFFEETABLE
mp_broadcast_33,com_speaker,PROPS_COM_SPEAKER
mp_broadcast_34,com_stepladder_large,PROPS_COM_STEPLADDER_LARGE
mp_broadcast_35,com_stove,PROPS_COM_STOVE
mp_broadcast_36,com_trashbag1_black,PROPS_COM_TRASHBAG1_BLACK
mp_broadcast_37,com_trashcan_metal,PROPS_COM_TRASHCAN_METAL
mp_broadcast_38,com_tv1_d,PROPS_COM_TV1_D
mp_broadcast_39,com_vending_bottle_lit,PROPS_COM_VENDING_BOTTLE_LIT
mp_broadcast_40,com_vending_can_new1_lit,PROPS_COM_VENDING_CAN_NEW1_LIT
mp_broadcast_41,com_vending_can_old2_lit,PROPS_COM_VENDING_CAN_OLD2_LIT
mp_broadcast_42,com_widescreen_monitor_2,PROPS_COM_WIDESCREEN_MONITOR_2
mp_broadcast_43,me_antenna,PROPS_ME_ANTENNA
mp_broadcast_44,me_concrete_barrier,PROPS_ME_CONCRETE_BARRIER
mp_broadcast_45,me_dumpster_close,PROPS_ME_DUMPSTER_CLOSE
mp_broadcast_x,com_cardboardbox03,PROPS_COM_CARDBOARDBOX03
mp_broadcast_x,com_cardboardbox04,PROPS_COM_CARDBOARDBOX04
mp_broadcast_x,com_cardboardboxshortclosed_2,PROPS_COM_CARDBOARDBOXSHORTCLOSED_2
mp_broadcast_x,com_cardboardboxshortopen_2,PROPS_COM_CARDBOARDBOXSHORTOPEN_2
mp_broadcast_x,com_computer_keyboard,PROPS_COM_COMPUTER_KEYBOARD
mp_broadcast_x,com_fire_extinguisher,PROPS_COM_FIRE_EXTINGUISHER
mp_broadcast_x,com_flower_pot02,PROPS_COM_FLOWER_POT02
mp_broadcast_x,com_flower_pot03,PROPS_COM_FLOWER_POT03
mp_broadcast_x,com_lamp_ornate_on,PROPS_COM_LAMP_ORNATE_ON
mp_broadcast_x,com_office_book_set1,PROPS_COM_OFFICE_BOOK_SET1
mp_broadcast_x,com_roofvent1,PROPS_COM_ROOFVENT1
mp_broadcast_x,com_telephone_desk,PROPS_COM_TELEPHONE_DESK
mp_broadcast_x,com_telephone_wall,PROPS_COM_TELEPHONE_WALL
mp_broadcast_x,com_trashcan,PROPS_COM_TRASHCAN
mp_broadcast_x,com_tv2_d,PROPS_COM_TV2_D
mp_broadcast_x,com_vcr,PROPS_COM_VCR
mp_broadcast_x,com_water_heater,PROPS_COM_WATER_HEATER
mp_broadcast_x,com_widescreen_monitor,PROPS_COM_WIDESCREEN_MONITOR
mp_broadcast_x,com_widescreen_monitor_3,PROPS_COM_WIDESCREEN_MONITOR_3
mp_broadcast_x,com_widescreen_monitor_on_1,PROPS_COM_WIDESCREEN_MONITOR_ON_1
mp_broadcast_x,com_widescreen_monitor_on_2,PROPS_COM_WIDESCREEN_MONITOR_ON_2
mp_broadcast_x,com_widescreen_monitor_on_3,PROPS_COM_WIDESCREEN_MONITOR_ON_3
mp_broadcast_x,me_antenna2,PROPS_ME_ANTENNA2
mp_broadcast_x,me_antenna3,PROPS_ME_ANTENNA3
mp_broadcast_x,me_market_stand1,PROPS_ME_MARKET_STAND1
mp_broadcast_x,me_plastic_crate3,PROPS_ME_PLASTIC_CRATE3
mp_broadcast_x,me_refrigerator,PROPS_ME_REFRIGERATOR
mp_broadcast_x,me_refrigerator2,PROPS_ME_REFRIGERATOR2
mp_broadcast_x,me_satellitedish,PROPS_ME_SATELLITEDISH
mp_broadcast_x,tv_video_monitor,PROPS_TV_VIDEO_MONITOR


mp_cargoship_1,ch_radiator01,PROPS_CH_RADIATOR01
mp_cargoship_2,com_barrel_black_rust,PROPS_COM_BARREL_BLACK_RUST
mp_cargoship_3,com_barrel_blue_rust,PROPS_COM_BARREL_BLUE_RUST
mp_cargoship_4,com_barrel_white_rust,PROPS_COM_BARREL_WHITE_RUST
mp_cargoship_5,com_cardboardbox04,PROPS_COM_CARDBOARDBOX04
mp_cargoship_6,com_cardboardbox05,PROPS_COM_CARDBOARDBOX05
mp_cargoship_7,com_fire_extinguisher,PROPS_COM_FIRE_EXTINGUISHER
mp_cargoship_8,com_folding_chair,PROPS_COM_FOLDING_CHAIR
mp_cargoship_9,com_folding_table,PROPS_COM_FOLDING_TABLE
mp_cargoship_10,com_plasticcase_beige_big,PROPS_COM_PLASTICCASE_BEIGE_BIG
mp_cargoship_11,com_plastic_bucket,PROPS_COM_PLASTIC_BUCKET
mp_cargoship_12,com_propane_tank,PROPS_COM_PROPANE_TANK
mp_cargoship_13,com_restaurantchair_2,PROPS_COM_RESTAURANTCHAIR_2
mp_cargoship_14,com_restaurantsink_2comps,PROPS_COM_RESTAURANTSINK_2COMPS
mp_cargoship_15,com_restaurantstainlessteelshelf_02,PROPS_COM_RESTAURANTSTAINLESSTEELSHELF_02
mp_cargoship_16,com_tv1,PROPS_COM_TV1
mp_cargoship_17,cs_steeringwheel,PROPS_CS_STEERINGWHEEL
mp_cargoship_18,me_plastic_crate1,PROPS_ME_PLASTIC_CRATE1
mp_cargoship_19,me_plastic_crate10,PROPS_ME_PLASTIC_CRATE10
mp_cargoship_20,me_plastic_crate3,PROPS_ME_PLASTIC_CRATE3
mp_cargoship_21,me_plastic_crate4,PROPS_ME_PLASTIC_CRATE4
mp_cargoship_22,mil_bunker_bed2,PROPS_MIL_BUNKER_BED2
mp_cargoship_x,com_computer_keyboard,PROPS_COM_COMPUTER_KEYBOARD


mp_carentan_1,bog_b_cinderblock_clutter,PROPS_BOG_B_CINDERBLOCK_CLUTTER
mp_carentan_2,ch_furniture_couch01,PROPS_CH_FURNITURE_COUCH01
mp_carentan_3,ch_washer_01,PROPS_CH_WASHER_01
mp_carentan_4,com_barrel_tan_rust,PROPS_COM_BARREL_TAN_RUST
mp_carentan_5,com_books1,PROPS_COM_BOOKS1
mp_carentan_6,com_books2,PROPS_COM_BOOKS2
mp_carentan_7,com_cafe_table2,PROPS_COM_CAFE_TABLE2
mp_carentan_8,com_cardboardbox01,PROPS_COM_CARDBOARDBOX01
mp_carentan_9,com_cardboardbox03,PROPS_COM_CARDBOARDBOX03
mp_carentan_10,com_cardboardbox04,PROPS_COM_CARDBOARDBOX04
mp_carentan_11,com_cardboardbox06,PROPS_COM_CARDBOARDBOX06
mp_carentan_12,com_cardboardboxshortclosed_1,PROPS_COM_CARDBOARDBOXSHORTCLOSED_1
mp_carentan_13,com_cardboardboxshortopen_1,PROPS_COM_CARDBOARDBOXSHORTOPEN_1
mp_carentan_14,com_cardboardboxshortopen_3,PROPS_COM_CARDBOARDBOXSHORTOPEN_3
mp_carentan_15,com_cash_register,PROPS_COM_CASH_REGISTER
mp_carentan_16,com_computer_case,PROPS_COM_COMPUTER_CASE
mp_carentan_17,com_computer_monitor,PROPS_COM_COMPUTER_MONITOR
mp_carentan_18,com_copypaper_box,PROPS_COM_COPYPAPER_BOX
mp_carentan_19,com_dresser,PROPS_COM_DRESSER
mp_carentan_20,com_northafrica_coffeetable,PROPS_COM_NORTHAFRICA_COFFEETABLE
mp_carentan_21,com_office_book_shelf,PROPS_COM_OFFICE_BOOK_SHELF
mp_carentan_22,com_paintcan,PROPS_COM_PAINTCAN
mp_carentan_23,com_plasticcase_beige_big,PROPS_COM_PLASTICCASE_BEIGE_BIG
mp_carentan_24,com_restaurantchair_2,PROPS_COM_RESTAURANTCHAIR_2
mp_carentan_25,com_restaurantsink_2comps,PROPS_COM_RESTAURANTSINK_2COMPS
mp_carentan_26,com_restaurantstainlessteelshelf_01,PROPS_COM_RESTAURANTSTAINLESSTEELSHELF_01
mp_carentan_27,com_stove,PROPS_COM_STOVE
mp_carentan_28,com_trashcan_metal,PROPS_COM_TRASHCAN_METAL
mp_carentan_29,com_trashcan_metal_with_trash,PROPS_COM_TRASHCAN_METAL_WITH_TRASH
mp_carentan_30,com_tv1_d,PROPS_COM_TV1_D
mp_carentan_31,me_banana_box1,PROPS_ME_BANANA_BOX1
mp_carentan_32,me_banana_box2,PROPS_ME_BANANA_BOX2
mp_carentan_33,me_citrus_box1,PROPS_ME_CITRUS_BOX1
mp_carentan_34,me_citrus_box2,PROPS_ME_CITRUS_BOX2
mp_carentan_35,me_concrete_barrier,PROPS_ME_CONCRETE_BARRIER
mp_carentan_36,me_dumpster_close,PROPS_ME_DUMPSTER_CLOSE
mp_carentan_37,me_plastic_crate1,PROPS_ME_PLASTIC_CRATE1
mp_carentan_38,me_plastic_crate2,PROPS_ME_PLASTIC_CRATE2
mp_carentan_39,me_plastic_crate4,PROPS_ME_PLASTIC_CRATE4
mp_carentan_40,me_refrigerator2,PROPS_ME_REFRIGERATOR2
mp_carentan_41,me_tomato_crate1,PROPS_ME_TOMATO_CRATE1
mp_carentan_42,me_woodcrateclosed,PROPS_ME_WOODCRATECLOSED
mp_carentan_43,me_woodcrateopen,PROPS_ME_WOODCRATEOPEN
mp_carentan_44,me_wood_cage_large,PROPS_ME_WOOD_CAGE_LARGE
mp_carentan_45,me_wood_cage_small,PROPS_ME_WOOD_CAGE_SMALL
mp_carentan_x,me_plastic_crate5,PROPS_ME_PLASTIC_CRATE5
mp_carentan_x,me_plastic_crate6,PROPS_ME_PLASTIC_CRATE6
mp_carentan_x,me_plastic_crate7,PROPS_ME_PLASTIC_CRATE7
mp_carentan_x,me_plastic_crate8,PROPS_ME_PLASTIC_CRATE8
mp_carentan_x,me_plastic_crate9,PROPS_ME_PLASTIC_CRATE9


mp_citystreets_1,com_barrel_blue_rust,PROPS_COM_BARREL_BLUE_RUST
mp_citystreets_2,com_pallet_stack,PROPS_COM_PALLET_STACK
mp_citystreets_3,me_antenna,PROPS_ME_ANTENNA
mp_citystreets_4,me_refrigerator,PROPS_ME_REFRIGERATOR
mp_citystreets_5,bog_b_cinderblock_clutter,PROPS_BOG_B_CINDERBLOCK_CLUTTER
mp_citystreets_6,com_barrel_corrosive_rust,PROPS_COM_BARREL_CORROSIVE_RUST
mp_citystreets_7,com_plastic_bucket,PROPS_COM_PLASTIC_BUCKET
mp_citystreets_8,me_banana_box1,PROPS_ME_BANANA_BOX1
mp_citystreets_9,me_sign_stop,PROPS_ME_SIGN_STOP
mp_citystreets_10,ch_bedframemetal_gray,PROPS_CH_BEDFRAMEMETAL_GRAY
mp_citystreets_11,com_barrel_white_rust,PROPS_COM_BARREL_WHITE_RUST
mp_citystreets_12,com_restaurantstainlessteelshelf_01,PROPS_COM_RESTAURANTSTAINLESSTEELSHELF_01
mp_citystreets_13,me_basket_wicker04,PROPS_ME_BASKET_WICKER04
mp_citystreets_14,me_tomato_crate1,PROPS_ME_TOMATO_CRATE1
mp_citystreets_15,ch_crate32x48,PROPS_CH_CRATE32X48
mp_citystreets_16,com_cafe_chair,PROPS_COM_CAFE_CHAIR
mp_citystreets_17,com_restaurantstovewithburner,PROPS_COM_RESTAURANTSTOVEWITHBURNER
mp_citystreets_18,me_basket_wicker07,PROPS_ME_BASKET_WICKER07
mp_citystreets_19,me_woodcrateclosed,PROPS_ME_WOODCRATECLOSED
mp_citystreets_20,ch_dinerboothchair,PROPS_CH_DINERBOOTHCHAIR
mp_citystreets_21,com_cafe_chair2,PROPS_COM_CAFE_CHAIR2
mp_citystreets_22,com_roofvent1,PROPS_COM_ROOFVENT1
mp_citystreets_23,me_citrus_box1,PROPS_ME_CITRUS_BOX1
mp_citystreets_24,me_woodcrateopen,PROPS_ME_WOODCRATEOPEN
mp_citystreets_25,ch_dinerboothtable,PROPS_CH_DINERBOOTHTABLE
mp_citystreets_26,com_cafe_table2,PROPS_COM_CAFE_TABLE2
mp_citystreets_27,com_trashbag1_green,PROPS_COM_TRASHBAG1_GREEN
mp_citystreets_28,me_concrete_barrier,PROPS_ME_CONCRETE_BARRIER
mp_citystreets_29,me_wood_cage_large,PROPS_ME_WOOD_CAGE_LARGE
mp_citystreets_30,ch_dinerboothtable_2,PROPS_CH_DINERBOOTHTABLE_2
mp_citystreets_31,com_cash_register,PROPS_COM_CASH_REGISTER
mp_citystreets_32,com_trashcan_metal,PROPS_COM_TRASHCAN_METAL
mp_citystreets_33,me_gas_pump,PROPS_ME_GAS_PUMP
mp_citystreets_34,ch_furniture_couch02,PROPS_CH_FURNITURE_COUCH02
mp_citystreets_35,com_mannequin1,PROPS_COM_MANNEQUIN1
mp_citystreets_36,com_vending_can_new1_lit,PROPS_COM_VENDING_CAN_NEW1_LIT
mp_citystreets_37,me_market_umbrella_3,PROPS_ME_MARKET_UMBRELLA_3
mp_citystreets_38,ch_mattress_3,PROPS_CH_MATTRESS_3
mp_citystreets_39,com_mannequin3,PROPS_COM_MANNEQUIN3
mp_citystreets_40,com_vending_can_old2_lit,PROPS_COM_VENDING_CAN_OLD2_LIT
mp_citystreets_41,me_market_umbrella_5,PROPS_ME_MARKET_UMBRELLA_5
mp_citystreets_42,com_barrel_benzin,PROPS_COM_BARREL_BENZIN
mp_citystreets_43,com_paintcan,PROPS_COM_PAINTCAN
mp_citystreets_44,com_wagon_donkey_nohandle,PROPS_COM_WAGON_DONKEY_NOHANDLE
mp_citystreets_45,me_plastic_crate1,PROPS_ME_PLASTIC_CRATE1
mp_citystreets_x,com_cardboardbox01,PROPS_COM_CARDBOARDBOX01
mp_citystreets_x,com_cardboardbox02,PROPS_COM_CARDBOARDBOX02
mp_citystreets_x,com_cardboardbox03,PROPS_COM_CARDBOARDBOX03
mp_citystreets_x,com_cardboardbox04,PROPS_COM_CARDBOARDBOX04
mp_citystreets_x,com_cardboardbox05,PROPS_COM_CARDBOARDBOX05
mp_citystreets_x,com_cardboardboxshortclosed_1,PROPS_COM_CARDBOARDBOXSHORTCLOSED_1
mp_citystreets_x,com_cardboardboxshortclosed_2,PROPS_COM_CARDBOARDBOXSHORTCLOSED_2
mp_citystreets_x,com_cardboardboxshortopen_1,PROPS_COM_CARDBOARDBOXSHORTOPEN_1
mp_citystreets_x,com_cardboardboxshortopen_3,PROPS_COM_CARDBOARDBOXSHORTOPEN_3
mp_citystreets_x,com_flower_pot01,PROPS_COM_FLOWER_POT01
mp_citystreets_x,com_flower_pot02,PROPS_COM_FLOWER_POT02
mp_citystreets_x,com_pallet_2,PROPS_COM_PALLET_2
mp_citystreets_x,com_pallet_destroyed,PROPS_COM_PALLET_DESTROYED
mp_citystreets_x,com_plasticcase_beige_big,PROPS_COM_PLASTICCASE_BEIGE_BIG
mp_citystreets_x,com_restaurantsink_2comps,PROPS_COM_RESTAURANTSINK_2COMPS
mp_citystreets_x,com_restaurantstainlessteelshelf_02,PROPS_COM_RESTAURANTSTAINLESSTEELSHELF_02
mp_citystreets_x,me_antenna2,PROPS_ME_ANTENNA2
mp_citystreets_x,me_antenna3,PROPS_ME_ANTENNA3
mp_citystreets_x,me_banana_box2,PROPS_ME_BANANA_BOX2
mp_citystreets_x,me_basket_wicker05,PROPS_ME_BASKET_WICKER05
mp_citystreets_x,me_citrus_box2,PROPS_ME_CITRUS_BOX2
mp_citystreets_x,me_dumpster_close,PROPS_ME_DUMPSTER_CLOSE
mp_citystreets_x,me_iron_gate,PROPS_ME_IRON_GATE
mp_citystreets_x,me_plastic_crate2,PROPS_ME_PLASTIC_CRATE2
mp_citystreets_x,me_plastic_crate3,PROPS_ME_PLASTIC_CRATE3
mp_citystreets_x,me_plastic_crate4,PROPS_ME_PLASTIC_CRATE4
mp_citystreets_x,me_plastic_crate5,PROPS_ME_PLASTIC_CRATE5
mp_citystreets_x,me_plastic_crate6,PROPS_ME_PLASTIC_CRATE6
mp_citystreets_x,me_plastic_crate8,PROPS_ME_PLASTIC_CRATE8
mp_citystreets_x,me_refrigerator2,PROPS_ME_REFRIGERATOR2
mp_citystreets_x,me_satellitedish,PROPS_ME_SATELLITEDISH
mp_citystreets_x,me_wood_cage_small,PROPS_ME_WOOD_CAGE_SMALL


mp_convoy_1,bog_b_cinderblock_clutter,PROPS_BOG_B_CINDERBLOCK_CLUTTER
mp_convoy_2,com_barrel_blue_rust,PROPS_COM_BARREL_BLUE_RUST
mp_convoy_3,com_barrel_fire,PROPS_COM_BARREL_FIRE
mp_convoy_4,com_barrel_white_rust,PROPS_COM_BARREL_WHITE_RUST
mp_convoy_5,com_cafe_chair,PROPS_COM_CAFE_CHAIR
mp_convoy_6,com_cafe_chair2,PROPS_COM_CAFE_CHAIR2
mp_convoy_7,com_cafe_table2,PROPS_COM_CAFE_TABLE2
mp_convoy_8,com_cardboardbox02,PROPS_COM_CARDBOARDBOX02
mp_convoy_9,com_cardboardbox03,PROPS_COM_CARDBOARDBOX03
mp_convoy_10,com_cardboardbox04,PROPS_COM_CARDBOARDBOX04
mp_convoy_11,com_cardboardbox05,PROPS_COM_CARDBOARDBOX05
mp_convoy_12,com_cardboardbox06,PROPS_COM_CARDBOARDBOX06
mp_convoy_13,com_cardboardboxshortclosed_2,PROPS_COM_CARDBOARDBOXSHORTCLOSED_2
mp_convoy_14,com_lamp_ornate_on,PROPS_COM_LAMP_ORNATE_ON
mp_convoy_15,com_northafrica_armoire_short,PROPS_COM_NORTHAFRICA_ARMOIRE_SHORT
mp_convoy_16,com_paintcan,PROPS_COM_PAINTCAN
mp_convoy_17,com_pallet_2,PROPS_COM_PALLET_2
mp_convoy_18,com_plasticcase_beige_big,PROPS_COM_PLASTICCASE_BEIGE_BIG
mp_convoy_19,com_stove,PROPS_COM_STOVE
mp_convoy_20,me_antenna,PROPS_ME_ANTENNA
mp_convoy_21,me_antenna3,PROPS_ME_ANTENNA3
mp_convoy_22,me_concrete_barrier,PROPS_ME_CONCRETE_BARRIER
mp_convoy_23,me_dumpster_close,PROPS_ME_DUMPSTER_CLOSE
mp_convoy_24,me_plastic_crate1,PROPS_ME_PLASTIC_CRATE1
mp_convoy_25,me_plastic_crate10,PROPS_ME_PLASTIC_CRATE10
mp_convoy_26,me_plastic_crate4,PROPS_ME_PLASTIC_CRATE4
mp_convoy_27,me_refrigerator,PROPS_ME_REFRIGERATOR
mp_convoy_28,me_satellitedish,PROPS_ME_SATELLITEDISH
mp_convoy_29,mil_sandbag_desert_end_right,PROPS_MIL_SANDBAG_DESERT_END_RIGHT
mp_convoy_30,mil_sandbag_desert_single_bent,PROPS_MIL_SANDBAG_DESERT_SINGLE_BENT
mp_convoy_31,mil_sandbag_desert_single_flat,PROPS_MIL_SANDBAG_DESERT_SINGLE_FLAT


mp_countdown_1,ch_crate24x24,PROPS_CH_CRATE24X24
mp_countdown_2,ch_crate32x48,PROPS_CH_CRATE32X48
mp_countdown_3,ch_crate64x64,PROPS_CH_CRATE64X64
mp_countdown_4,com_barrel_black_rust,PROPS_COM_BARREL_BLACK_RUST
mp_countdown_5,com_barrel_blue_rust,PROPS_COM_BARREL_BLUE_RUST
mp_countdown_6,com_barrel_green_rust,PROPS_COM_BARREL_GREEN_RUST
mp_countdown_7,com_barrel_tan_rust,PROPS_COM_BARREL_TAN_RUST
mp_countdown_8,com_barrel_white_rust,PROPS_COM_BARREL_WHITE_RUST
mp_countdown_9,com_barrier_tall1,PROPS_COM_BARRIER_TALL1
mp_countdown_10,com_fire_extinguisher,PROPS_COM_FIRE_EXTINGUISHER
mp_countdown_11,com_paintcan,PROPS_COM_PAINTCAN
mp_countdown_12,com_pallet_2,PROPS_COM_PALLET_2
mp_countdown_13,com_plasticcase_beige_big,PROPS_COM_PLASTICCASE_BEIGE_BIG
mp_countdown_14,com_plasticcase_green_big,PROPS_COM_PLASTICCASE_GREEN_BIG
mp_countdown_15,com_plasticcase_green_rifle,PROPS_COM_PLASTICCASE_GREEN_RIFLE
mp_countdown_16,com_propane_tank,PROPS_COM_PROPANE_TANK
mp_countdown_17,com_red_toolbox,PROPS_COM_RED_TOOLBOX
mp_countdown_18,com_restaurantstainlessteelshelf_01,PROPS_COM_RESTAURANTSTAINLESSTEELSHELF_01
mp_countdown_19,com_roofvent1,PROPS_COM_ROOFVENT1
mp_countdown_20,me_antenna3,PROPS_ME_ANTENNA3


mp_crash_1,bog_b_cinderblock_clutter,PROPS_BOG_B_CINDERBLOCK_CLUTTER
mp_crash_2,ch_bedframemetal_gray,PROPS_CH_BEDFRAMEMETAL_GRAY
mp_crash_3,ch_dinerboothchair,PROPS_CH_DINERBOOTHCHAIR
mp_crash_4,ch_dinerboothtable,PROPS_CH_DINERBOOTHTABLE
mp_crash_5,ch_dinerboothtable_2,PROPS_CH_DINERBOOTHTABLE_2
mp_crash_6,ch_furniture_couch02,PROPS_CH_FURNITURE_COUCH02
mp_crash_7,ch_mattress_2,PROPS_CH_MATTRESS_2
mp_crash_8,com_barrel_biohazard_rust,PROPS_COM_BARREL_BIOHAZARD_RUST
mp_crash_9,com_barrel_blue_rust,PROPS_COM_BARREL_BLUE_RUST
mp_crash_10,com_barrel_green,PROPS_COM_BARREL_GREEN
mp_crash_11,com_barrel_white_rust,PROPS_COM_BARREL_WHITE_RUST
mp_crash_12,com_cafe_chair,PROPS_COM_CAFE_CHAIR
mp_crash_13,com_cafe_chair2,PROPS_COM_CAFE_CHAIR2
mp_crash_14,com_cafe_table2,PROPS_COM_CAFE_TABLE2
mp_crash_15,com_cardboardboxshortclosed_2,PROPS_COM_CARDBOARDBOXSHORTCLOSED_2
mp_crash_16,com_cash_register,PROPS_COM_CASH_REGISTER
mp_crash_17,com_dresser_d,PROPS_COM_DRESSER_D
mp_crash_18,com_floodlight,PROPS_COM_FLOODLIGHT
mp_crash_19,com_flower_pot01,PROPS_COM_FLOWER_POT01
mp_crash_20,com_flower_pot02,PROPS_COM_FLOWER_POT02
mp_crash_21,com_lamp_ornate_off,PROPS_COM_LAMP_ORNATE_OFF
mp_crash_22,com_paintcan,PROPS_COM_PAINTCAN
mp_crash_23,com_pallet_2,PROPS_COM_PALLET_2
mp_crash_24,com_pallet_stack,PROPS_COM_PALLET_STACK
mp_crash_25,com_plastic_bucket,PROPS_COM_PLASTIC_BUCKET
mp_crash_26,com_plasticcase_beige_big,PROPS_COM_PLASTICCASE_BEIGE_BIG
mp_crash_27,com_propane_tank,PROPS_COM_PROPANE_TANK
mp_crash_28,com_red_toolbox,PROPS_COM_RED_TOOLBOX
mp_crash_29,com_restaurantchair_1,PROPS_COM_RESTAURANTCHAIR_1
mp_crash_30,com_restaurantchair_2,PROPS_COM_RESTAURANTCHAIR_2
mp_crash_31,com_restaurantkitchentable_1,PROPS_COM_RESTAURANTKITCHENTABLE_1
mp_crash_32,com_restaurantstainlessteelshelf_02,PROPS_COM_RESTAURANTSTAINLESSTEELSHELF_02
mp_crash_33,com_restaurantstove,PROPS_COM_RESTAURANTSTOVE
mp_crash_34,com_restaurantstovewithburner,PROPS_COM_RESTAURANTSTOVEWITHBURNER
mp_crash_35,com_roofvent1,PROPS_COM_ROOFVENT1
mp_crash_36,com_trashcan_metal,PROPS_COM_TRASHCAN_METAL
mp_crash_37,com_tv1,PROPS_COM_TV1
mp_crash_38,me_antenna3,PROPS_ME_ANTENNA3
mp_crash_39,me_concrete_barrier,PROPS_ME_CONCRETE_BARRIER
mp_crash_40,me_dumpster_close,PROPS_ME_DUMPSTER_CLOSE
mp_crash_41,me_market_umbrella_3,PROPS_ME_MARKET_UMBRELLA_3
mp_crash_42,me_phonebooth,PROPS_ME_PHONEBOOTH
mp_crash_43,me_plastic_crate1,PROPS_ME_PLASTIC_CRATE1
mp_crash_44,me_sign_crosswalk,PROPS_ME_SIGN_CROSSWALK
mp_crash_45,me_sign_stop,PROPS_ME_SIGN_STOP
mp_crash_x,com_restaurantkitchentable_4,PROPS_COM_RESTAURANTKITCHENTABLE_4
mp_crash_x,me_antenna,PROPS_ME_ANTENNA
mp_crash_x,me_antenna2,PROPS_ME_ANTENNA2
mp_crash_x,me_plastic_crate2,PROPS_ME_PLASTIC_CRATE2
mp_crash_x,me_refrigerator2,PROPS_ME_REFRIGERATOR2
mp_crash_x,me_refrigerator_d,PROPS_ME_REFRIGERATOR_D
mp_crash_x,me_satellitedish,PROPS_ME_SATELLITEDISH
mp_crash_x,mil_sandbag_desert_end_left,PROPS_MIL_SANDBAG_DESERT_END_LEFT
mp_crash_x,mil_sandbag_desert_end_right,PROPS_MIL_SANDBAG_DESERT_END_RIGHT
mp_crash_x,mil_sandbag_desert_single_bent,PROPS_MIL_SANDBAG_DESERT_SINGLE_BENT
mp_crash_x,mil_sandbag_desert_single_flat,PROPS_MIL_SANDBAG_DESERT_SINGLE_FLAT


mp_creek_1,bathroom_toilet,PROPS_BATHROOM_TOILET
mp_creek_2,ch_bedframemetal_gray,PROPS_CH_BEDFRAMEMETAL_GRAY
mp_creek_3,ch_crate48x64,PROPS_CH_CRATE48X64
mp_creek_4,ch_crate64x64,PROPS_CH_CRATE64X64
mp_creek_5,ch_furniture_couch02,PROPS_CH_FURNITURE_COUCH02
mp_creek_6,ch_gas_pump,PROPS_CH_GAS_PUMP
mp_creek_7,ch_mattress_boxspring,PROPS_CH_MATTRESS_BOXSPRING
mp_creek_8,ch_radiator01,PROPS_CH_RADIATOR01
mp_creek_9,ch_russian_table,PROPS_CH_RUSSIAN_TABLE
mp_creek_10,ch_sign_parking,PROPS_CH_SIGN_PARKING
mp_creek_11,ch_sign_stopsign,PROPS_CH_SIGN_STOPSIGN
mp_creek_12,ch_washer_01,PROPS_CH_WASHER_01
mp_creek_13,ch_wood_fence_128,PROPS_CH_WOOD_FENCE_128
mp_creek_14,ch_wood_fence_128a,PROPS_CH_WOOD_FENCE_128A
mp_creek_15,ch_wood_fence_128b,PROPS_CH_WOOD_FENCE_128B
mp_creek_16,com_barrel_black_rust,PROPS_COM_BARREL_BLACK_RUST
mp_creek_17,com_barrel_blue_rust,PROPS_COM_BARREL_BLUE_RUST
mp_creek_18,com_barrel_white_rust,PROPS_COM_BARREL_WHITE_RUST
mp_creek_19,com_bedroll,PROPS_COM_BEDROLL
mp_creek_20,com_cafe_table1,PROPS_COM_CAFE_TABLE1
mp_creek_21,com_cardboardbox04,PROPS_COM_CARDBOARDBOX04
mp_creek_22,com_dining_cabinet,PROPS_COM_DINING_CABINET
mp_creek_23,com_dresser,PROPS_COM_DRESSER
mp_creek_24,com_french_bathtub_metal,PROPS_COM_FRENCH_BATHTUB_METAL
mp_creek_25,com_french_sink2,PROPS_COM_FRENCH_SINK2
mp_creek_26,com_lamp_ornate_off,PROPS_COM_LAMP_ORNATE_OFF
mp_creek_27,com_paintcan,PROPS_COM_PAINTCAN
mp_creek_28,com_pallet,PROPS_COM_PALLET
mp_creek_29,com_pallet_destroyed,PROPS_COM_PALLET_DESTROYED
mp_creek_30,com_pallet_stack,PROPS_COM_PALLET_STACK
mp_creek_31,com_plasticcase_beige_big,PROPS_COM_PLASTICCASE_BEIGE_BIG
mp_creek_32,com_restaurantsink_1comp,PROPS_COM_RESTAURANTSINK_1COMP
mp_creek_33,com_restaurantstainlessteelshelf_02,PROPS_COM_RESTAURANTSTAINLESSTEELSHELF_02
mp_creek_34,com_roofvent1,PROPS_COM_ROOFVENT1
mp_creek_35,com_rowboat,PROPS_COM_ROWBOAT
mp_creek_36,com_stove,PROPS_COM_STOVE
mp_creek_37,com_stove_d,PROPS_COM_STOVE_D
mp_creek_38,com_trashbag2_white,PROPS_COM_TRASHBAG2_WHITE
mp_creek_39,com_walltable2,PROPS_COM_WALLTABLE2
mp_creek_40,com_water_heater,PROPS_COM_WATER_HEATER
mp_creek_41,com_wheelbarrow,PROPS_COM_WHEELBARROW
mp_creek_42,me_concrete_barrier,PROPS_ME_CONCRETE_BARRIER
mp_creek_43,me_dumpster_close,PROPS_ME_DUMPSTER_CLOSE
mp_creek_44,me_refrigerator,PROPS_ME_REFRIGERATOR
mp_creek_45,wetwork_grave3,PROPS_WETWORK_GRAVE3
mp_creek_x,me_refrigerator_d,PROPS_ME_REFRIGERATOR_D


mp_crossfire_1,bog_b_cinderblock_clutter,PROPS_BOG_B_CINDERBLOCK_CLUTTER
mp_crossfire_2,ch_bedframemetal_dark,PROPS_CH_BEDFRAMEMETAL_DARK
mp_crossfire_3,ch_bedframemetal_gray,PROPS_CH_BEDFRAMEMETAL_GRAY
mp_crossfire_4,ch_dinerboothchair,PROPS_CH_DINERBOOTHCHAIR
mp_crossfire_5,ch_dinerboothtable,PROPS_CH_DINERBOOTHTABLE
mp_crossfire_6,ch_furniture_couch01,PROPS_CH_FURNITURE_COUCH01
mp_crossfire_7,ch_mattress_3,PROPS_CH_MATTRESS_3
mp_crossfire_8,ch_mattress_boxspring,PROPS_CH_MATTRESS_BOXSPRING
mp_crossfire_9,ch_pillow_1,PROPS_CH_PILLOW_1
mp_crossfire_10,ch_russian_table,PROPS_CH_RUSSIAN_TABLE
mp_crossfire_11,ch_washer_01,PROPS_CH_WASHER_01
mp_crossfire_12,com_barrel_black,PROPS_COM_BARREL_BLACK
mp_crossfire_13,com_barrel_blue_rust,PROPS_COM_BARREL_BLUE_RUST
mp_crossfire_14,com_bike,PROPS_COM_BIKE
mp_crossfire_15,com_cafe_chair,PROPS_COM_CAFE_CHAIR
mp_crossfire_16,com_cafe_chair2,PROPS_COM_CAFE_CHAIR2
mp_crossfire_17,com_cafe_table2,PROPS_COM_CAFE_TABLE2
mp_crossfire_18,com_cardboardbox01,PROPS_COM_CARDBOARDBOX01
mp_crossfire_19,com_cardboardboxshortclosed_2,PROPS_COM_CARDBOARDBOXSHORTCLOSED_2
mp_crossfire_20,com_cash_register,PROPS_COM_CASH_REGISTER
mp_crossfire_21,com_fire_extinguisher,PROPS_COM_FIRE_EXTINGUISHER
mp_crossfire_22,com_flower_pot01,PROPS_COM_FLOWER_POT01
mp_crossfire_23,com_folding_chair,PROPS_COM_FOLDING_CHAIR
mp_crossfire_24,com_folding_table,PROPS_COM_FOLDING_TABLE
mp_crossfire_25,com_paintcan,PROPS_COM_PAINTCAN
mp_crossfire_26,com_restaurantsink_2comps,PROPS_COM_RESTAURANTSINK_2COMPS
mp_crossfire_27,com_roofvent1,PROPS_COM_ROOFVENT1
mp_crossfire_28,com_trashbag1_black,PROPS_COM_TRASHBAG1_BLACK
mp_crossfire_29,com_trashbag2_green,PROPS_COM_TRASHBAG2_GREEN
mp_crossfire_30,com_trashcan_metal,PROPS_COM_TRASHCAN_METAL
mp_crossfire_31,com_trashcan_metal_with_trash,PROPS_COM_TRASHCAN_METAL_WITH_TRASH
mp_crossfire_32,com_tv1,PROPS_COM_TV1
mp_crossfire_33,me_antenna,PROPS_ME_ANTENNA
mp_crossfire_34,me_banana_box1,PROPS_ME_BANANA_BOX1
mp_crossfire_35,me_basket_rattan01,PROPS_ME_BASKET_RATTAN01
mp_crossfire_36,me_basket_wicker01,PROPS_ME_BASKET_WICKER01
mp_crossfire_37,me_citrus_box1,PROPS_ME_CITRUS_BOX1
mp_crossfire_38,me_dumpster,PROPS_ME_DUMPSTER
mp_crossfire_39,me_dumpster_close,PROPS_ME_DUMPSTER_CLOSE
mp_crossfire_40,me_market_stand1,PROPS_ME_MARKET_STAND1
mp_crossfire_41,me_plastic_crate1,PROPS_ME_PLASTIC_CRATE1
mp_crossfire_42,me_refrigerator,PROPS_ME_REFRIGERATOR
mp_crossfire_43,me_sign_noentry,PROPS_ME_SIGN_NOENTRY
mp_crossfire_44,me_woodcrateclosed,PROPS_ME_WOODCRATECLOSED
mp_crossfire_45,me_woodcrateopen,PROPS_ME_WOODCRATEOPEN
mp_crossfire_x,ch_furniture_couch02,PROPS_CH_FURNITURE_COUCH02
mp_crossfire_x,ch_mattress_2,PROPS_CH_MATTRESS_2
mp_crossfire_x,ch_pillow_2,PROPS_CH_PILLOW_2
mp_crossfire_x,com_barrel_black_rust,PROPS_COM_BARREL_BLACK_RUST
mp_crossfire_x,com_cafe_table1,PROPS_COM_CAFE_TABLE1
mp_crossfire_x,com_cardboardbox02,PROPS_COM_CARDBOARDBOX02
mp_crossfire_x,com_cardboardbox03,PROPS_COM_CARDBOARDBOX03
mp_crossfire_x,com_cardboardbox04,PROPS_COM_CARDBOARDBOX04
mp_crossfire_x,com_cardboardboxshortclosed_1,PROPS_COM_CARDBOARDBOXSHORTCLOSED_1
mp_crossfire_x,com_dresser,PROPS_COM_DRESSER
mp_crossfire_x,com_dresser_d,PROPS_COM_DRESSER_D
mp_crossfire_x,com_flower_pot02,PROPS_COM_FLOWER_POT02
mp_crossfire_x,com_plasticcase_beige_big,PROPS_COM_PLASTICCASE_BEIGE_BIG
mp_crossfire_x,com_red_toolbox,PROPS_COM_RED_TOOLBOX
mp_crossfire_x,com_restaurantstainlessteelshelf_01,PROPS_COM_RESTAURANTSTAINLESSTEELSHELF_01
mp_crossfire_x,com_restaurantstainlessteelshelf_02,PROPS_COM_RESTAURANTSTAINLESSTEELSHELF_02
mp_crossfire_x,com_restaurantstovewithburner,PROPS_COM_RESTAURANTSTOVEWITHBURNER
mp_crossfire_x,com_trashbag1_white,PROPS_COM_TRASHBAG1_WHITE
mp_crossfire_x,com_tv2,PROPS_COM_TV2
mp_crossfire_x,com_water_heater,PROPS_COM_WATER_HEATER
mp_crossfire_x,me_antenna2,PROPS_ME_ANTENNA2
mp_crossfire_x,me_antenna3,PROPS_ME_ANTENNA3
mp_crossfire_x,me_banana_box2,PROPS_ME_BANANA_BOX2
mp_crossfire_x,me_citrus_box2,PROPS_ME_CITRUS_BOX2
mp_crossfire_x,me_plastic_crate2,PROPS_ME_PLASTIC_CRATE2
mp_crossfire_x,me_plastic_crate3,PROPS_ME_PLASTIC_CRATE3
mp_crossfire_x,me_plastic_crate7,PROPS_ME_PLASTIC_CRATE7
mp_crossfire_x,me_refrigerator2,PROPS_ME_REFRIGERATOR2
mp_crossfire_x,me_satellitedish,PROPS_ME_SATELLITEDISH
mp_crossfire_x,me_wood_cage_large,PROPS_ME_WOOD_CAGE_LARGE
mp_crossfire_x,me_wood_cage_small,PROPS_ME_WOOD_CAGE_SMALL


mp_farm_1,bog_b_cinderblock_clutter,PROPS_BOG_B_CINDERBLOCK_CLUTTER
mp_farm_2,ch_bedframemetal_gray,PROPS_CH_BEDFRAMEMETAL_GRAY
mp_farm_3,ch_crate64x64,PROPS_CH_CRATE64X64
mp_farm_4,ch_furniture_couch02,PROPS_CH_FURNITURE_COUCH02
mp_farm_5,ch_hayroll_03,PROPS_CH_HAYROLL_03
mp_farm_6,ch_lawnmower,PROPS_CH_LAWNMOWER
mp_farm_7,ch_mattress_3,PROPS_CH_MATTRESS_3
mp_farm_8,ch_mattress_boxspring,PROPS_CH_MATTRESS_BOXSPRING
mp_farm_9,ch_washer_01,PROPS_CH_WASHER_01
mp_farm_10,ch_wood_fence_128,PROPS_CH_WOOD_FENCE_128
mp_farm_11,ch_wood_fence_128a,PROPS_CH_WOOD_FENCE_128A
mp_farm_12,ch_wood_fence_128b,PROPS_CH_WOOD_FENCE_128B
mp_farm_13,com_barrel_biohazard_rust,PROPS_COM_BARREL_BIOHAZARD_RUST
mp_farm_14,com_barrel_blue_rust,PROPS_COM_BARREL_BLUE_RUST
mp_farm_15,com_barrel_white_rust,PROPS_COM_BARREL_WHITE_RUST
mp_farm_16,com_cafe_chair,PROPS_COM_CAFE_CHAIR
mp_farm_17,com_cardboardbox01,PROPS_COM_CARDBOARDBOX01
mp_farm_18,com_cardboardboxshortopen_2,PROPS_COM_CARDBOARDBOXSHORTOPEN_2
mp_farm_19,com_dresser,PROPS_COM_DRESSER
mp_farm_20,com_dresser_d,PROPS_COM_DRESSER_D
mp_farm_21,com_furniture_sidetable1,PROPS_COM_FURNITURE_SIDETABLE1
mp_farm_22,com_lamp_ornate_on,PROPS_COM_LAMP_ORNATE_ON
mp_farm_23,com_paintcan,PROPS_COM_PAINTCAN
mp_farm_24,com_pallet,PROPS_COM_PALLET
mp_farm_25,com_pallet_2,PROPS_COM_PALLET_2
mp_farm_26,com_pallet_destroyed,PROPS_COM_PALLET_DESTROYED
mp_farm_27,com_pallet_stack,PROPS_COM_PALLET_STACK
mp_farm_28,com_plastic_bucket,PROPS_COM_PLASTIC_BUCKET
mp_farm_29,com_propane_tank,PROPS_COM_PROPANE_TANK
mp_farm_30,com_red_toolbox,PROPS_COM_RED_TOOLBOX
mp_farm_31,com_restaurantstainlessteelshelf_02,PROPS_COM_RESTAURANTSTAINLESSTEELSHELF_02
mp_farm_32,com_satellite_dish_big,PROPS_COM_SATELLITE_DISH_BIG
mp_farm_33,com_stove_d,PROPS_COM_STOVE_D
mp_farm_34,com_trashbag1_black,PROPS_COM_TRASHBAG1_BLACK
mp_farm_35,com_trashbag2_green,PROPS_COM_TRASHBAG2_GREEN
mp_farm_36,com_trashbag2_white,PROPS_COM_TRASHBAG2_WHITE
mp_farm_37,com_wheelbarrow,PROPS_COM_WHEELBARROW
mp_farm_38,me_antenna3,PROPS_ME_ANTENNA3
mp_farm_39,me_dumpster,PROPS_ME_DUMPSTER
mp_farm_40,me_dumpster_close,PROPS_ME_DUMPSTER_CLOSE
mp_farm_41,me_iron_gate,PROPS_ME_IRON_GATE
mp_farm_42,me_market_stand1,PROPS_ME_MARKET_STAND1
mp_farm_43,me_plastic_crate1,PROPS_ME_PLASTIC_CRATE1
mp_farm_44,me_plastic_crate4,PROPS_ME_PLASTIC_CRATE4
mp_farm_45,me_refrigerator,PROPS_ME_REFRIGERATOR
mp_farm_x,com_cardboardbox03,PROPS_COM_CARDBOARDBOX03
mp_farm_x,com_cardboardbox04,PROPS_COM_CARDBOARDBOX04
mp_farm_x,com_cardboardbox06,PROPS_COM_CARDBOARDBOX06
mp_farm_x,com_plasticcase_beige_big,PROPS_COM_PLASTICCASE_BEIGE_BIG
mp_farm_x,com_plasticcase_beige_rifle,PROPS_COM_PLASTICCASE_BEIGE_RIFLE
mp_farm_x,com_restaurant_sinktable_left,PROPS_COM_RESTAURANT_SINKTABLE_LEFT
mp_farm_x,com_restaurant_sinktable_right,PROPS_COM_RESTAURANT_SINKTABLE_RIGHT
mp_farm_x,com_restaurantsink_1comp,PROPS_COM_RESTAURANTSINK_1COMP
mp_farm_x,com_restaurantsink_2comps,PROPS_COM_RESTAURANTSINK_2COMPS
mp_farm_x,me_antenna,PROPS_ME_ANTENNA
mp_farm_x,me_antenna2,PROPS_ME_ANTENNA2


mp_killhouse_1,bog_b_cinderblock_clutter,PROPS_BOG_B_CINDERBLOCK_CLUTTER
mp_killhouse_2,ch_crate48x64,PROPS_CH_CRATE48X64
mp_killhouse_3,ch_furniture_couch01,PROPS_CH_FURNITURE_COUCH01
mp_killhouse_4,com_barrel_green_dirt,PROPS_COM_BARREL_GREEN_DIRT
mp_killhouse_5,com_folding_chair,PROPS_COM_FOLDING_CHAIR
mp_killhouse_6,com_folding_table,PROPS_COM_FOLDING_TABLE
mp_killhouse_7,com_pallet,PROPS_COM_PALLET
mp_killhouse_8,com_pallet_2,PROPS_COM_PALLET_2
mp_killhouse_9,com_pallet_stack,PROPS_COM_PALLET_STACK
mp_killhouse_10,com_plasticcase_beige_big,PROPS_COM_PLASTICCASE_BEIGE_BIG
mp_killhouse_11,com_restaurantstainlessteelshelf_02,PROPS_COM_RESTAURANTSTAINLESSTEELSHELF_02
mp_killhouse_12,com_roofvent1,PROPS_COM_ROOFVENT1
mp_killhouse_13,com_trashcan_metal_with_trash,PROPS_COM_TRASHCAN_METAL_WITH_TRASH
mp_killhouse_14,me_dumpster_close,PROPS_ME_DUMPSTER_CLOSE
mp_killhouse_15,mil_sandbag_desert_end_left,PROPS_MIL_SANDBAG_DESERT_END_LEFT
mp_killhouse_16,mil_sandbag_desert_end_right,PROPS_MIL_SANDBAG_DESERT_END_RIGHT
mp_killhouse_17,mil_sandbag_desert_single_bent,PROPS_MIL_SANDBAG_DESERT_SINGLE_BENT
mp_killhouse_18,mil_sandbag_desert_single_flat,PROPS_MIL_SANDBAG_DESERT_SINGLE_FLAT


mp_overgrown_1,bog_b_cinderblock_clutter,PROPS_BOG_B_CINDERBLOCK_CLUTTER
mp_overgrown_2,ch_bedframemetal_gray,PROPS_CH_BEDFRAMEMETAL_GRAY
mp_overgrown_3,ch_crate24x24,PROPS_CH_CRATE24X24
mp_overgrown_4,ch_crate24x36,PROPS_CH_CRATE24X36
mp_overgrown_5,ch_crate32x48,PROPS_CH_CRATE32X48
mp_overgrown_6,ch_furniture_couch01,PROPS_CH_FURNITURE_COUCH01
mp_overgrown_7,ch_furniture_couch02,PROPS_CH_FURNITURE_COUCH02
mp_overgrown_8,ch_hayroll_02,PROPS_CH_HAYROLL_02
mp_overgrown_9,ch_mattress_2,PROPS_CH_MATTRESS_2
mp_overgrown_10,ch_russian_table,PROPS_CH_RUSSIAN_TABLE
mp_overgrown_11,ch_sign_noparking,PROPS_CH_SIGN_NOPARKING
mp_overgrown_12,ch_sign_speedlimit,PROPS_CH_SIGN_SPEEDLIMIT
mp_overgrown_13,ch_street_light_01_off,PROPS_CH_STREET_LIGHT_01_OFF
mp_overgrown_14,com_armoire_d,PROPS_COM_ARMOIRE_D
mp_overgrown_15,com_barrel_blue_rust,PROPS_COM_BARREL_BLUE_RUST
mp_overgrown_16,com_barrel_fire,PROPS_COM_BARREL_FIRE
mp_overgrown_17,com_barrel_white_rust,PROPS_COM_BARREL_WHITE_RUST
mp_overgrown_18,com_barrier_tall1,PROPS_COM_BARRIER_TALL1
mp_overgrown_19,com_bookshelves1,PROPS_COM_BOOKSHELVES1
mp_overgrown_20,com_bookshelves1_d,PROPS_COM_BOOKSHELVES1_D
mp_overgrown_21,com_cafe_chair,PROPS_COM_CAFE_CHAIR
mp_overgrown_22,com_dresser_d,PROPS_COM_DRESSER_D
mp_overgrown_23,com_paintcan,PROPS_COM_PAINTCAN
mp_overgrown_24,com_pallet,PROPS_COM_PALLET
mp_overgrown_25,com_pallet_2,PROPS_COM_PALLET_2
mp_overgrown_26,com_plasticcase_beige_big,PROPS_COM_PLASTICCASE_BEIGE_BIG
mp_overgrown_27,com_plastic_bucket,PROPS_COM_PLASTIC_BUCKET
mp_overgrown_28,com_restaurantsink_1comp,PROPS_COM_RESTAURANTSINK_1COMP
mp_overgrown_29,com_restaurantstainlessteelshelf_02,PROPS_COM_RESTAURANTSTAINLESSTEELSHELF_02
mp_overgrown_30,com_restaurantstove,PROPS_COM_RESTAURANTSTOVE
mp_overgrown_31,com_restaurantstovewithburner,PROPS_COM_RESTAURANTSTOVEWITHBURNER
mp_overgrown_32,com_restaurant_sinktable_right,PROPS_COM_RESTAURANT_SINKTABLE_RIGHT
mp_overgrown_33,com_stove_d,PROPS_COM_STOVE_D
mp_overgrown_34,com_walltable2,PROPS_COM_WALLTABLE2
mp_overgrown_35,me_antenna2,PROPS_ME_ANTENNA2
mp_overgrown_36,me_citrus_box1,PROPS_ME_CITRUS_BOX1
mp_overgrown_37,me_citrus_box2,PROPS_ME_CITRUS_BOX2
mp_overgrown_38,me_dumpster_close,PROPS_ME_DUMPSTER_CLOSE
mp_overgrown_39,me_gas_pump,PROPS_ME_GAS_PUMP
mp_overgrown_40,me_plastic_crate1,PROPS_ME_PLASTIC_CRATE1
mp_overgrown_41,me_plastic_crate10,PROPS_ME_PLASTIC_CRATE10
mp_overgrown_42,me_plastic_crate2,PROPS_ME_PLASTIC_CRATE2
mp_overgrown_43,me_refrigerator_d,PROPS_ME_REFRIGERATOR_D
mp_overgrown_44,mil_sandbag_desert_end_left,PROPS_MIL_SANDBAG_DESERT_END_LEFT
mp_overgrown_45,mil_sandbag_desert_end_right,PROPS_MIL_SANDBAG_DESERT_END_RIGHT
mp_overgrown_x,ch_crate48x64,PROPS_CH_CRATE48X64
mp_overgrown_x,ch_crate64x64,PROPS_CH_CRATE64X64
mp_overgrown_x,ch_mattress_3,PROPS_CH_MATTRESS_3
mp_overgrown_x,ch_mattress_boxspring,PROPS_CH_MATTRESS_BOXSPRING
mp_overgrown_x,me_plastic_crate5,PROPS_ME_PLASTIC_CRATE5
mp_overgrown_x,me_plastic_crate6,PROPS_ME_PLASTIC_CRATE6
mp_overgrown_x,me_plastic_crate7,PROPS_ME_PLASTIC_CRATE7


mp_pipeline_1,bog_b_cinderblock_clutter,PROPS_BOG_B_CINDERBLOCK_CLUTTER
mp_pipeline_2,ch_crate32x48,PROPS_CH_CRATE32X48
mp_pipeline_3,ch_crate48x64,PROPS_CH_CRATE48X64
mp_pipeline_4,ch_crate64x64,PROPS_CH_CRATE64X64
mp_pipeline_5,ch_furniture_teachers_desk1,PROPS_CH_FURNITURE_TEACHERS_DESK1
mp_pipeline_6,ch_gas_pump,PROPS_CH_GAS_PUMP
mp_pipeline_7,ch_sign_stopsign,PROPS_CH_SIGN_STOPSIGN
mp_pipeline_8,com_barrel_biohazard_rust,PROPS_COM_BARREL_BIOHAZARD_RUST
mp_pipeline_9,com_barrel_blue_rust,PROPS_COM_BARREL_BLUE_RUST
mp_pipeline_10,com_barrel_white_rust,PROPS_COM_BARREL_WHITE_RUST
mp_pipeline_11,com_cardboardbox02,PROPS_COM_CARDBOARDBOX02
mp_pipeline_12,com_cardboardbox04,PROPS_COM_CARDBOARDBOX04
mp_pipeline_13,com_cardboardbox05,PROPS_COM_CARDBOARDBOX05
mp_pipeline_14,com_cardboardboxshortclosed_2,PROPS_COM_CARDBOARDBOXSHORTCLOSED_2
mp_pipeline_15,com_copypaper_box,PROPS_COM_COPYPAPER_BOX
mp_pipeline_16,com_electrical_transformer,PROPS_COM_ELECTRICAL_TRANSFORMER
mp_pipeline_17,com_filecabinetblackclosed,PROPS_COM_FILECABINETBLACKCLOSED
mp_pipeline_18,com_filecabinetblackopen,PROPS_COM_FILECABINETBLACKOPEN
mp_pipeline_19,com_folding_table,PROPS_COM_FOLDING_TABLE
mp_pipeline_20,com_paintcan,PROPS_COM_PAINTCAN
mp_pipeline_21,com_pallet_2,PROPS_COM_PALLET_2
mp_pipeline_22,com_pallet_stack,PROPS_COM_PALLET_STACK
mp_pipeline_23,com_plasticcase_beige_big,PROPS_COM_PLASTICCASE_BEIGE_BIG
mp_pipeline_24,com_propane_tank,PROPS_COM_PROPANE_TANK
mp_pipeline_25,com_red_toolbox,PROPS_COM_RED_TOOLBOX
mp_pipeline_26,com_restaurantstainlessteelshelf_02,PROPS_COM_RESTAURANTSTAINLESSTEELSHELF_02
mp_pipeline_27,com_roofvent1,PROPS_COM_ROOFVENT1
mp_pipeline_28,com_water_heater,PROPS_COM_WATER_HEATER
mp_pipeline_29,me_concrete_barrier,PROPS_ME_CONCRETE_BARRIER
mp_pipeline_30,me_dumpster_close,PROPS_ME_DUMPSTER_CLOSE
mp_pipeline_31,me_plastic_crate1,PROPS_ME_PLASTIC_CRATE1
mp_pipeline_32,me_plastic_crate2,PROPS_ME_PLASTIC_CRATE2
mp_pipeline_33,me_plastic_crate3,PROPS_ME_PLASTIC_CRATE3
mp_pipeline_34,me_plastic_crate4,PROPS_ME_PLASTIC_CRATE4
mp_pipeline_35,me_refrigerator,PROPS_ME_REFRIGERATOR


mp_shipment_1,ch_crate32x48,PROPS_CH_CRATE32X48
mp_shipment_2,com_barrel_biohazard_rust,PROPS_COM_BARREL_BIOHAZARD_RUST
mp_shipment_3,com_barrel_blue_rust,PROPS_COM_BARREL_BLUE_RUST
mp_shipment_4,com_barrel_green_rust,PROPS_COM_BARREL_GREEN_RUST
mp_shipment_5,com_bike,PROPS_COM_BIKE
mp_shipment_6,com_cardboardbox01,PROPS_COM_CARDBOARDBOX01
mp_shipment_7,com_cardboardbox02,PROPS_COM_CARDBOARDBOX02
mp_shipment_8,com_cardboardbox03,PROPS_COM_CARDBOARDBOX03
mp_shipment_9,com_cardboardbox04,PROPS_COM_CARDBOARDBOX04
mp_shipment_10,com_cardboardbox06,PROPS_COM_CARDBOARDBOX06
mp_shipment_11,com_cardboardboxshortclosed_2,PROPS_COM_CARDBOARDBOXSHORTCLOSED_2
mp_shipment_12,com_cardboardboxshortopen_2,PROPS_COM_CARDBOARDBOXSHORTOPEN_2
mp_shipment_13,com_cardboardboxshortopen_3,PROPS_COM_CARDBOARDBOXSHORTOPEN_3
mp_shipment_14,com_folding_chair,PROPS_COM_FOLDING_CHAIR
mp_shipment_15,com_folding_table,PROPS_COM_FOLDING_TABLE
mp_shipment_16,com_pallet_destroyed,PROPS_COM_PALLET_DESTROYED
mp_shipment_17,com_pallet_stack,PROPS_COM_PALLET_STACK
mp_shipment_18,com_plasticcase_beige_big,PROPS_COM_PLASTICCASE_BEIGE_BIG
mp_shipment_19,com_shopping_cart,PROPS_COM_SHOPPING_CART
mp_shipment_20,com_trashbag1_black,PROPS_COM_TRASHBAG1_BLACK
mp_shipment_21,com_trashcan_metal,PROPS_COM_TRASHCAN_METAL
mp_shipment_22,com_trashcan_metal_with_trash,PROPS_COM_TRASHCAN_METAL_WITH_TRASH
mp_shipment_23,me_dumpster,PROPS_ME_DUMPSTER
mp_shipment_24,me_dumpster_close,PROPS_ME_DUMPSTER_CLOSE


mp_showdown_1,ch_crate24x24,PROPS_CH_CRATE24X24
mp_showdown_2,ch_crate64x64,PROPS_CH_CRATE64X64
mp_showdown_3,com_barrel_blue_rust,PROPS_COM_BARREL_BLUE_RUST
mp_showdown_4,com_barrel_white_rust,PROPS_COM_BARREL_WHITE_RUST
mp_showdown_5,com_cardboardbox03,PROPS_COM_CARDBOARDBOX03
mp_showdown_6,com_cardboardbox04,PROPS_COM_CARDBOARDBOX04
mp_showdown_7,com_cardboardboxshortclosed_1,PROPS_COM_CARDBOARDBOXSHORTCLOSED_1
mp_showdown_8,com_cardboardboxshortopen_3,PROPS_COM_CARDBOARDBOXSHORTOPEN_3
mp_showdown_9,com_filecabinetblackclosed,PROPS_COM_FILECABINETBLACKCLOSED
mp_showdown_10,com_flower_pot01,PROPS_COM_FLOWER_POT01
mp_showdown_11,com_flower_pot02,PROPS_COM_FLOWER_POT02
mp_showdown_12,com_paintcan,PROPS_COM_PAINTCAN
mp_showdown_13,com_plasticcase_beige_big,PROPS_COM_PLASTICCASE_BEIGE_BIG
mp_showdown_14,com_plastic_bucket,PROPS_COM_PLASTIC_BUCKET
mp_showdown_15,com_red_toolbox,PROPS_COM_RED_TOOLBOX
mp_showdown_16,com_trashbag1_black,PROPS_COM_TRASHBAG1_BLACK
mp_showdown_17,com_trashbag2_green,PROPS_COM_TRASHBAG2_GREEN
mp_showdown_18,com_trashcan_metal,PROPS_COM_TRASHCAN_METAL
mp_showdown_19,com_trashcan_metal_with_trash,PROPS_COM_TRASHCAN_METAL_WITH_TRASH
mp_showdown_20,com_wagon_donkey,PROPS_COM_WAGON_DONKEY
mp_showdown_21,com_wheelbarrow,PROPS_COM_WHEELBARROW
mp_showdown_22,me_antenna,PROPS_ME_ANTENNA
mp_showdown_23,me_banana_box1,PROPS_ME_BANANA_BOX1
mp_showdown_24,me_basket_rattan01,PROPS_ME_BASKET_RATTAN01
mp_showdown_25,me_basket_rattan02,PROPS_ME_BASKET_RATTAN02
mp_showdown_26,me_basket_wicker01,PROPS_ME_BASKET_WICKER01
mp_showdown_27,me_basket_wicker03,PROPS_ME_BASKET_WICKER03
mp_showdown_28,me_basket_wicker05,PROPS_ME_BASKET_WICKER05
mp_showdown_29,me_basket_wicker08,PROPS_ME_BASKET_WICKER08
mp_showdown_30,me_citrus_box1,PROPS_ME_CITRUS_BOX1
mp_showdown_31,me_citrus_box2,PROPS_ME_CITRUS_BOX2
mp_showdown_32,me_dumpster,PROPS_ME_DUMPSTER
mp_showdown_33,me_dumpster_close,PROPS_ME_DUMPSTER_CLOSE
mp_showdown_34,me_iron_gate,PROPS_ME_IRON_GATE
mp_showdown_35,me_plastic_crate1,PROPS_ME_PLASTIC_CRATE1
mp_showdown_36,me_plastic_crate2,PROPS_ME_PLASTIC_CRATE2
mp_showdown_37,me_plastic_crate3,PROPS_ME_PLASTIC_CRATE3
mp_showdown_38,me_plastic_crate6,PROPS_ME_PLASTIC_CRATE6
mp_showdown_39,me_tomato_crate1,PROPS_ME_TOMATO_CRATE1
mp_showdown_40,me_woodcrateclosed,PROPS_ME_WOODCRATECLOSED
mp_showdown_41,me_woodcrateopen,PROPS_ME_WOODCRATEOPEN
mp_showdown_42,me_wood_cage_large,PROPS_ME_WOOD_CAGE_LARGE
mp_showdown_43,me_wood_cage_small,PROPS_ME_WOOD_CAGE_SMALL
mp_showdown_44,mil_sandbag_desert_single_bent,PROPS_MIL_SANDBAG_DESERT_SINGLE_BENT
mp_showdown_45,mil_sandbag_desert_single_flat,PROPS_MIL_SANDBAG_DESERT_SINGLE_FLAT
mp_showdown_x,com_cardboardboxshortclosed_2,PROPS_COM_CARDBOARDBOXSHORTCLOSED_2
mp_showdown_x,com_cardboardboxshortopen_1,PROPS_COM_CARDBOARDBOXSHORTOPEN_1
mp_showdown_x,com_trashbag1_green,PROPS_COM_TRASHBAG1_GREEN
mp_showdown_x,me_antenna2,PROPS_ME_ANTENNA2
mp_showdown_x,me_antenna3,PROPS_ME_ANTENNA3
mp_showdown_x,me_banana_box2,PROPS_ME_BANANA_BOX2
mp_showdown_x,me_plastic_crate4,PROPS_ME_PLASTIC_CRATE4
mp_showdown_x,me_plastic_crate8,PROPS_ME_PLASTIC_CRATE8
mp_showdown_x,me_satellitedish,PROPS_ME_SATELLITEDISH


mp_strike_1,bog_b_cinderblock_clutter,PROPS_BOG_B_CINDERBLOCK_CLUTTER
mp_strike_2,ch_bedframemetal_gray,PROPS_CH_BEDFRAMEMETAL_GRAY
mp_strike_3,ch_furniture_couch01,PROPS_CH_FURNITURE_COUCH01
mp_strike_4,ch_gas_pump,PROPS_CH_GAS_PUMP
mp_strike_5,ch_mattress_2,PROPS_CH_MATTRESS_2
mp_strike_6,ch_washer_01,PROPS_CH_WASHER_01
mp_strike_7,com_cafe_chair,PROPS_COM_CAFE_CHAIR
mp_strike_8,com_cafe_chair2,PROPS_COM_CAFE_CHAIR2
mp_strike_9,com_cafe_table2,PROPS_COM_CAFE_TABLE2
mp_strike_10,com_cardboardboxshortclosed_2,PROPS_COM_CARDBOARDBOXSHORTCLOSED_2
mp_strike_11,com_cash_register,PROPS_COM_CASH_REGISTER
mp_strike_12,com_coffee_machine,PROPS_COM_COFFEE_MACHINE
mp_strike_13,com_dresser,PROPS_COM_DRESSER
mp_strike_14,com_flower_pot01,PROPS_COM_FLOWER_POT01
mp_strike_15,com_flower_pot02,PROPS_COM_FLOWER_POT02
mp_strike_16,com_folding_table,PROPS_COM_FOLDING_TABLE
mp_strike_17,com_paintcan,PROPS_COM_PAINTCAN
mp_strike_18,com_plasticcase_beige_big,PROPS_COM_PLASTICCASE_BEIGE_BIG
mp_strike_19,com_propane_tank,PROPS_COM_PROPANE_TANK
mp_strike_20,com_red_toolbox,PROPS_COM_RED_TOOLBOX
mp_strike_21,com_restaurantsink_2comps,PROPS_COM_RESTAURANTSINK_2COMPS
mp_strike_22,com_restaurantstainlessteelshelf_01,PROPS_COM_RESTAURANTSTAINLESSTEELSHELF_01
mp_strike_23,com_restaurantstainlessteelshelf_02,PROPS_COM_RESTAURANTSTAINLESSTEELSHELF_02
mp_strike_24,com_restaurantstovewithburner,PROPS_COM_RESTAURANTSTOVEWITHBURNER
mp_strike_25,com_trashcan_metal,PROPS_COM_TRASHCAN_METAL
mp_strike_26,com_vending_can_old1,PROPS_COM_VENDING_CAN_OLD1
mp_strike_27,com_vending_can_old2,PROPS_COM_VENDING_CAN_OLD2
mp_strike_28,com_water_heater,PROPS_COM_WATER_HEATER
mp_strike_29,me_antenna2,PROPS_ME_ANTENNA2
mp_strike_30,me_antenna3,PROPS_ME_ANTENNA3
mp_strike_31,me_banana_box1,PROPS_ME_BANANA_BOX1
mp_strike_32,me_concrete_barrier,PROPS_ME_CONCRETE_BARRIER
mp_strike_33,me_dumpster_close,PROPS_ME_DUMPSTER_CLOSE
mp_strike_34,me_phonebooth,PROPS_ME_PHONEBOOTH
mp_strike_35,me_plastic_crate1,PROPS_ME_PLASTIC_CRATE1
mp_strike_36,me_plastic_crate2,PROPS_ME_PLASTIC_CRATE2
mp_strike_37,me_refrigerator,PROPS_ME_REFRIGERATOR
mp_strike_38,me_sign_crosswalk,PROPS_ME_SIGN_CROSSWALK
mp_strike_39,me_sign_parking,PROPS_ME_SIGN_PARKING
mp_strike_40,me_sign_stop,PROPS_ME_SIGN_STOP
mp_strike_41,mil_sandbag_desert_corner,PROPS_MIL_SANDBAG_DESERT_CORNER
mp_strike_42,mil_sandbag_desert_end_left,PROPS_MIL_SANDBAG_DESERT_END_LEFT
mp_strike_43,mil_sandbag_desert_end_right,PROPS_MIL_SANDBAG_DESERT_END_RIGHT
mp_strike_44,mil_sandbag_desert_single_bent,PROPS_MIL_SANDBAG_DESERT_SINGLE_BENT
mp_strike_45,mil_sandbag_desert_single_flat,PROPS_MIL_SANDBAG_DESERT_SINGLE_FLAT
mp_strike_x,ch_mattress_boxspring,PROPS_CH_MATTRESS_BOXSPRING
mp_strike_x,com_flower_pot03,PROPS_COM_FLOWER_POT03
mp_strike_x,me_antenna,PROPS_ME_ANTENNA
mp_strike_x,me_satellitedish,PROPS_ME_SATELLITEDISH


mp_vacant_1,ch_crate32x48,PROPS_CH_CRATE32X48
mp_vacant_2,ch_crate48x64,PROPS_CH_CRATE48X64
mp_vacant_3,ch_furniture_couch01,PROPS_CH_FURNITURE_COUCH01
mp_vacant_4,ch_furniture_school_lunch_table,PROPS_CH_FURNITURE_SCHOOL_LUNCH_TABLE
mp_vacant_5,ch_furniture_teachers_desk1,PROPS_CH_FURNITURE_TEACHERS_DESK1
mp_vacant_6,ch_mattress_2,PROPS_CH_MATTRESS_2
mp_vacant_7,ch_sign_parking,PROPS_CH_SIGN_PARKING
mp_vacant_8,ch_sign_stopsign,PROPS_CH_SIGN_STOPSIGN
mp_vacant_9,ch_street_light_01_off,PROPS_CH_STREET_LIGHT_01_OFF
mp_vacant_10,com_barrel_blue_rust,PROPS_COM_BARREL_BLUE_RUST
mp_vacant_11,com_barrel_white_rust,PROPS_COM_BARREL_WHITE_RUST
mp_vacant_12,com_bench,PROPS_COM_BENCH
mp_vacant_13,com_bike,PROPS_COM_BIKE
mp_vacant_14,com_cardboardbox01,PROPS_COM_CARDBOARDBOX01
mp_vacant_15,com_cardboardboxshortclosed_2,PROPS_COM_CARDBOARDBOXSHORTCLOSED_2
mp_vacant_16,com_coffee_machine,PROPS_COM_COFFEE_MACHINE
mp_vacant_17,com_copypaper_box,PROPS_COM_COPYPAPER_BOX
mp_vacant_18,com_filecabinetblackopen,PROPS_COM_FILECABINETBLACKOPEN
mp_vacant_19,com_folding_chair,PROPS_COM_FOLDING_CHAIR
mp_vacant_20,com_folding_table,PROPS_COM_FOLDING_TABLE
mp_vacant_21,com_office_book_set1,PROPS_COM_OFFICE_BOOK_SET1
mp_vacant_22,com_office_chair_black,PROPS_COM_OFFICE_CHAIR_BLACK
mp_vacant_23,com_paintcan,PROPS_COM_PAINTCAN
mp_vacant_24,com_pallet_2,PROPS_COM_PALLET_2
mp_vacant_25,com_pallet_destroyed,PROPS_COM_PALLET_DESTROYED
mp_vacant_26,com_photocopier,PROPS_COM_PHOTOCOPIER
mp_vacant_27,com_plasticcase_green_rifle,PROPS_COM_PLASTICCASE_GREEN_RIFLE
mp_vacant_28,com_propane_tank,PROPS_COM_PROPANE_TANK
mp_vacant_29,com_restaurantstainlessteelshelf_02,PROPS_COM_RESTAURANTSTAINLESSTEELSHELF_02
mp_vacant_30,com_shopping_cart,PROPS_COM_SHOPPING_CART
mp_vacant_31,com_stove,PROPS_COM_STOVE
mp_vacant_32,com_trashbag1_black,PROPS_COM_TRASHBAG1_BLACK
mp_vacant_33,com_trashbag2_green,PROPS_COM_TRASHBAG2_GREEN
mp_vacant_34,com_trashcan_metal_with_trash,PROPS_COM_TRASHCAN_METAL_WITH_TRASH
mp_vacant_35,com_tv2_d,PROPS_COM_TV2_D
mp_vacant_36,com_vending_can_old1,PROPS_COM_VENDING_CAN_OLD1
mp_vacant_37,com_vending_can_old2,PROPS_COM_VENDING_CAN_OLD2
mp_vacant_38,com_widescreen_monitor,PROPS_COM_WIDESCREEN_MONITOR
mp_vacant_39,com_widescreen_monitor_2,PROPS_COM_WIDESCREEN_MONITOR_2
mp_vacant_40,com_widescreen_monitor_3,PROPS_COM_WIDESCREEN_MONITOR_3
mp_vacant_41,me_concrete_barrier,PROPS_ME_CONCRETE_BARRIER
mp_vacant_42,me_dumpster_close,PROPS_ME_DUMPSTER_CLOSE
mp_vacant_43,me_plastic_crate1,PROPS_ME_PLASTIC_CRATE1
mp_vacant_44,me_refrigerator,PROPS_ME_REFRIGERATOR
mp_vacant_45,mil_bunker_bed3,PROPS_MIL_BUNKER_BED3
mp_vacant_x,ch_mattress_boxspring,PROPS_CH_MATTRESS_BOXSPRING
mp_vacant_x,com_cardboardbox02,PROPS_COM_CARDBOARDBOX02
mp_vacant_x,com_cardboardbox03,PROPS_COM_CARDBOARDBOX03
mp_vacant_x,com_cardboardbox04,PROPS_COM_CARDBOARDBOX04
mp_vacant_x,com_cardboardbox05,PROPS_COM_CARDBOARDBOX05
mp_vacant_x,com_cardboardbox06,PROPS_COM_CARDBOARDBOX06
mp_vacant_x,com_cardboardboxshortopen_2,PROPS_COM_CARDBOARDBOXSHORTOPEN_2
mp_vacant_x,com_cardboardboxshortopen_3,PROPS_COM_CARDBOARDBOXSHORTOPEN_3
mp_vacant_x,com_computer_case,PROPS_COM_COMPUTER_CASE
mp_vacant_x,com_computer_keyboard,PROPS_COM_COMPUTER_KEYBOARD
mp_vacant_x,com_filecabinetblackclosed,PROPS_COM_FILECABINETBLACKCLOSED
mp_vacant_x,com_plasticcase_beige_big,PROPS_COM_PLASTICCASE_BEIGE_BIG
mp_vacant_x,com_plasticcase_green_big,PROPS_COM_PLASTICCASE_GREEN_BIG
mp_vacant_x,com_red_toolbox,PROPS_COM_RED_TOOLBOX
mp_vacant_x,com_telephone_desk,PROPS_COM_TELEPHONE_DESK
mp_vacant_x,com_vcr,PROPS_COM_VCR
mp_vacant_x,com_water_heater,PROPS_COM_WATER_HEATER
mp_vacant_x,me_antenna,PROPS_ME_ANTENNA
mp_vacant_x,me_antenna2,PROPS_ME_ANTENNA2
mp_vacant_x,me_antenna3,PROPS_ME_ANTENNA3
mp_vacant_x,me_dumpster,PROPS_ME_DUMPSTER
mp_vacant_x,me_plastic_crate2,PROPS_ME_PLASTIC_CRATE2
mp_vacant_x,me_plastic_crate3,PROPS_ME_PLASTIC_CRATE3
mp_vacant_x,me_satellitedish,PROPS_ME_SATELLITEDISH


mp_crash_snow_1,bog_b_cinderblock_clutter,PROPS_BOG_B_CINDERBLOCK_CLUTTER
mp_crash_snow_2,ch_bedframemetal_gray,PROPS_CH_BEDFRAMEMETAL_GRAY
mp_crash_snow_3,ch_dinerboothchair,PROPS_CH_DINERBOOTHCHAIR
mp_crash_snow_4,ch_dinerboothtable,PROPS_CH_DINERBOOTHTABLE
mp_crash_snow_5,ch_dinerboothtable_2,PROPS_CH_DINERBOOTHTABLE_2
mp_crash_snow_6,ch_furniture_couch02,PROPS_CH_FURNITURE_COUCH02
mp_crash_snow_7,ch_mattress_2,PROPS_CH_MATTRESS_2
mp_crash_snow_8,com_barrel_biohazard_rust,PROPS_COM_BARREL_BIOHAZARD_RUST
mp_crash_snow_9,com_barrel_blue_rust,PROPS_COM_BARREL_BLUE_RUST
mp_crash_snow_10,com_barrel_green,PROPS_COM_BARREL_GREEN
mp_crash_snow_11,com_barrel_white_rust,PROPS_COM_BARREL_WHITE_RUST
mp_crash_snow_12,com_cafe_chair,PROPS_COM_CAFE_CHAIR
mp_crash_snow_13,com_cafe_chair2,PROPS_COM_CAFE_CHAIR2
mp_crash_snow_14,com_cafe_table2,PROPS_COM_CAFE_TABLE2
mp_crash_snow_15,com_cardboardboxshortclosed_2,PROPS_COM_CARDBOARDBOXSHORTCLOSED_2
mp_crash_snow_16,com_cash_register,PROPS_COM_CASH_REGISTER
mp_crash_snow_17,com_dresser_d,PROPS_COM_DRESSER_D
mp_crash_snow_18,com_floodlight,PROPS_COM_FLOODLIGHT
mp_crash_snow_19,com_flower_pot01,PROPS_COM_FLOWER_POT01
mp_crash_snow_20,com_flower_pot02,PROPS_COM_FLOWER_POT02
mp_crash_snow_21,com_lamp_ornate_off,PROPS_COM_LAMP_ORNATE_OFF
mp_crash_snow_22,com_paintcan,PROPS_COM_PAINTCAN
mp_crash_snow_23,com_pallet_2,PROPS_COM_PALLET_2
mp_crash_snow_24,com_pallet_stack,PROPS_COM_PALLET_STACK
mp_crash_snow_25,com_plastic_bucket,PROPS_COM_PLASTIC_BUCKET
mp_crash_snow_26,com_plasticcase_beige_big,PROPS_COM_PLASTICCASE_BEIGE_BIG
mp_crash_snow_27,com_propane_tank,PROPS_COM_PROPANE_TANK
mp_crash_snow_28,com_red_toolbox,PROPS_COM_RED_TOOLBOX
mp_crash_snow_29,com_restaurantchair_1,PROPS_COM_RESTAURANTCHAIR_1
mp_crash_snow_30,com_restaurantchair_2,PROPS_COM_RESTAURANTCHAIR_2
mp_crash_snow_31,com_restaurantkitchentable_1,PROPS_COM_RESTAURANTKITCHENTABLE_1
mp_crash_snow_32,com_restaurantstainlessteelshelf_02,PROPS_COM_RESTAURANTSTAINLESSTEELSHELF_02
mp_crash_snow_33,com_restaurantstove,PROPS_COM_RESTAURANTSTOVE
mp_crash_snow_34,com_restaurantstovewithburner,PROPS_COM_RESTAURANTSTOVEWITHBURNER
mp_crash_snow_35,com_roofvent1,PROPS_COM_ROOFVENT1
mp_crash_snow_36,com_trashcan_metal,PROPS_COM_TRASHCAN_METAL
mp_crash_snow_37,com_tv1,PROPS_COM_TV1
mp_crash_snow_38,me_antenna3,PROPS_ME_ANTENNA3
mp_crash_snow_39,me_concrete_barrier,PROPS_ME_CONCRETE_BARRIER
mp_crash_snow_40,me_dumpster_close,PROPS_ME_DUMPSTER_CLOSE
mp_crash_snow_41,me_market_umbrella_3,PROPS_ME_MARKET_UMBRELLA_3
mp_crash_snow_42,me_phonebooth,PROPS_ME_PHONEBOOTH
mp_crash_snow_43,me_plastic_crate1,PROPS_ME_PLASTIC_CRATE1
mp_crash_snow_44,me_sign_crosswalk,PROPS_ME_SIGN_CROSSWALK
mp_crash_snow_45,me_sign_stop,PROPS_ME_SIGN_STOP
mp_crash_snow_x,com_restaurantkitchentable_4,PROPS_COM_RESTAURANTKITCHENTABLE_4
mp_crash_snow_x,me_antenna,PROPS_ME_ANTENNA
mp_crash_snow_x,me_antenna2,PROPS_ME_ANTENNA2
mp_crash_snow_x,me_plastic_crate2,PROPS_ME_PLASTIC_CRATE2
mp_crash_snow_x,me_refrigerator2,PROPS_ME_REFRIGERATOR2
mp_crash_snow_x,me_refrigerator_d,PROPS_ME_REFRIGERATOR_D
mp_crash_snow_x,me_satellitedish,PROPS_ME_SATELLITEDISH
mp_crash_snow_x,mil_sandbag_desert_end_left,PROPS_MIL_SANDBAG_DESERT_END_LEFT
mp_crash_snow_x,mil_sandbag_desert_end_right,PROPS_MIL_SANDBAG_DESERT_END_RIGHT
mp_crash_snow_x,mil_sandbag_desert_single_bent,PROPS_MIL_SANDBAG_DESERT_SINGLE_BENT
mp_crash_snow_x,mil_sandbag_desert_single_flat,PROPS_MIL_SANDBAG_DESERT_SINGLE_FLAT